{
  "xMax": 10.721899032592773,
  "xMin": 0.27692566925562995,
  "yMax": 8.498221397399902,
  "yMin": 0.0017223358154385693
}